input,outkey
0,6007726979237769821
1,2349419499828803538
2,2079858702103090845
3,8384603945734859217
4,718383037886501618
5,2004985490784728899
6,4813027103416594614
7,1277990254076431992
8,1420065687311863495
9,7155437930747106005
10,2094867584353239406
11,749580035245416969
12,7735613886135201999
13,7874433294726413870
14,7397758246761441201
15,7199026914623286632
16,633279790174093812
17,5565043012035184988
18,8968187337705847197
19,8754103723233615670
20,4934388503475011705
21,7267232665457205933
22,3400572372734257835
23,8872598833596599811
24,3747288008639272751
25,324748336293153042
26,6255506368261236876
27,4882760261233451236
28,6083496404207020342
29,5458811744983670966
30,2144270889580501377
31,7317463717333531979
32,3986055948025713948
33,5520490035000318605
34,7148098679101613277
35,4201072271699002554
36,5315421492081376988
37,891901645517839652
38,2076047536472147443
39,4490982078682558346
40,8949304972493911939
41,5815830236150534418
42,7193226123427942081
43,6704776887870305824
44,1834628280107882104
45,743773059312191769
46,174223506427395600
47,1068360321013696621
48,4654216134035685420
49,5794338242029030619
50,2173606589503779313
51,9041616899723341741
52,6242304421926386865
53,5685094266102442126
54,5040826232825608964
55,2603187709908572108
56,4289826788709320313
57,7975262014752693811
58,619095857664627330
59,9149822780828003588
60,2477016285164995231
61,4787691086713095214
62,9135794828801206998
63,6364613231378716951
64,5871418885080223029
65,4569871493922492349
66,8334970163675879285
67,1354857127792249777
68,4652476566029052253
69,4531750915298507153
70,2105103412537059722
71,5640957452366560239
72,2734745246640026482
73,8596610818771010744
74,5604278983922058944
75,8622156838077368301
76,8831360441935477600
77,6604989394393006947
78,2773238235476160045
79,6680138486310036546
80,3555588990002977476
81,8217183732598986077
82,6681541568859616862
83,7017971293847466007
84,1635110302735931849
85,7654262421229813285
86,6660990597648653271
87,697780170698654169
88,5743762320719088009
89,9058354213665479338
90,8964887209350102974
91,2325790552778166139
92,1975287728404571381
93,6027622511848077062
94,5288897349738493755
95,626018036023031146
96,5855218594837736560
97,9079458606442874805
98,6929335563650925113
99,1048453662982252941
100,254247225379085469
101,5817430209145748922
102,4119994577999050158
103,4198769530785778181
104,4188225011619822577
105,3057518756727856430
106,8387538374187440478
107,1099477221566658533
108,6077340353872896957
109,8332810371887913267
110,4780573510154047705
111,7556191202934685111
112,7717066994441424606
113,9089461790876107559
114,7404867620984082789
115,3634954453285559222
116,1521553729019944193
117,1619329940297894015
118,773076875294705179
119,8393399264502972610
120,2732565307097597128
121,1321635273100077310
122,3986346967801405023
123,2953756226698115130
124,5804357119962274140
125,1949132828541211320
126,4912131570857819399
127,4000133521352617427
128,5453853553526764547
129,4482210123814047804
130,6029002399832517038
131,5312691017123292178
132,1799307739538690957
133,4408272262172829608
134,4464062336982089516
135,2721593026871471290
136,9072509558841097060
137,6006956571884416070
138,7930488136057054093
139,748482696707968330
140,8378160687010397468
141,3180460147594068498
142,8707864627988188986
143,67974666663059695
144,5886937297980025925
145,1160215124875325714
146,5473540419966589746
147,5791775730112734001
148,7440759537242321326
149,8140229221608035313
150,1775992088729054216
151,4157388993963476956
152,3325492627912666743
153,5879454661031258999
154,39006113307368810
155,952905208404506922
156,4157378376571995406
157,1065260308300001721
158,8564341024148921985
159,6746161014881426962
160,2418223686398561337
161,7277909030659571933
162,2865636828461736278
163,6571376895360533103
164,2392464014363752701
165,938490380543370945
166,7202371045671868626
167,8825424798043936318
168,464293989706528920
169,7977747478793455555
170,7928678412308369060
171,2199159356226104297
172,7865511632803689827
173,4767529508772751131
174,2380841158061702519
175,4473512669020239135
176,5785202893163871734
177,7244843663835430877
178,5479337737721552962
179,3511314677740839335
180,5272890598716115541
181,374542705226648187
182,369141113772520970
183,2386521390104301943
184,8704337356298443233
185,2237700570028133186
186,2102336036255825034
187,3115631516344240837
188,214984486559568709
189,3653219927788667235
190,7780674678434027449
191,869735452434972206
192,1411244143477681414
193,8128557326225529752
194,4010646835339481784
195,9019656429593542063
196,4356042861454421213
197,7311038944871692351
198,2793504544318857369
199,3227830608169828939
200,3836945708765631284
201,4754520718668109999
202,8312924908267253179
203,632382795990896422
204,4386053830526155900
205,4647798520983349955
206,7734284925277055474
207,7495259389977266568
208,5279418113139873989
209,2706395290163910929
210,5776626960355924564
211,7028476070513946176
212,3219359477665025488
213,8528139681322527470
214,7956482034806320851
215,6668540201633710769
216,4364961258505791099
217,5325742421923060481
218,5148863986250829743
219,1440722792274277500
220,979772801993805760
221,4966835805101939819
222,7874876028604188035
223,3622457649851813363
224,8292906573352280388
225,5665446724551809568
226,6820864716295037900
227,6476482540084221196
228,5375763304007404948
229,7996751826959695843
230,4904304575649444491
231,8540273071325413926
232,5593311033376673725
233,3065406579714704337
234,1096032361895188825
235,4741098709497937913
236,7252826276759630976
237,3727843047589497148
238,3475096496709683903
239,4431554915178993492
240,3605314108219062380
241,4215425714433421531
242,4732864702599068691
243,8462829541646799027
244,5388809112816692491
245,1658374333395917067
246,5155879134356588305
247,6526871860541938632
248,3479800481958600612
249,3595526202792691735
250,2217172912742944572
251,7535209419369916900
252,6317912651817404146
253,5670720466804961666
254,1784607076250326176
255,2450475514441872474
256,4523515165232716909
257,5096882461293470726
258,3654349306897545658
259,6629036398347898006
260,4198284421949855491
261,6923994062612184406
262,5439223452568680790
263,8306968926799656435
264,6395122105968653703
265,712446684999575916
266,2727962884532882956
267,5054221170226081987
268,2069850302537990886
269,5795539590493883541
270,4182015764161048734
271,3397787984450313733
272,3093713284573174031
273,6774699763430159863
274,7955641166234085720
275,1326264505552214644
276,1177540211350757769
277,8942062648861459249
278,3611292792451223884
279,6592709973171667345
280,7555281412417815609
281,2334142318122796686
282,1114819511132930185
283,3839077533220248511
284,8578445165008972718
285,1451173835946672671
286,2076234801050463977
287,3431110629186787836
288,5984932114069492752
289,529772514182934562
290,1288256784582368075
291,2626198860958710386
292,7400522388937232123
293,4453573914599635625
294,1075350724676588122
295,6888204852574394911
296,5691285413729981826
297,910820697356290316
298,1193176864949954252
299,1054499319469061423
300,7331429799088863354
301,3913165892061100022
302,2760247757565194837
303,5507222674612655231
304,5327588691856505625
305,5797664619811352626
306,7758379205413990704
307,980627789678169864
308,3235313447310643289
309,3653326416426683438
310,5287620915316706065
311,7922824359158636785
312,3722969796760067228
313,422965903058133410
314,3891630087069890245
315,3895882939608038585
316,2821735919464758819
317,3519183227666905489
318,6926790289024268020
319,1901911317426822750
320,570990304611477745
321,916049133146232569
322,5953959480493213312
323,5528248932799334013
324,5985417368282159748
325,4826322796448381014
326,55020107966008248
327,215877246808417365
328,8818336911897469967
329,3637147068601096209
330,1677704352017917695
331,1748371266294808943
332,4799237001125720438
333,5939704441507282951
334,7414350254564845259
335,1295697552247459975
336,4595261888655938319
337,1613711711360460778
338,3930094710535225366
339,3362445079688358311
340,1840257204395569297
341,2158932060130040602
342,323444432806608268
343,3823404707860391327
344,1373061238797239053
345,3000919927588116353
346,5036777766171674413
347,8666572584235604110
348,3372831200902276451
349,2857103298649503036
350,7324071699773690558
351,5486667120430298957
352,1797167673216324284
353,8552881472492977988
354,4060959737286193745
355,5589250081558397207
356,5041132377912141307
357,1297118955733654927
358,3704098402526377259
359,9169534030720108989
360,7358360555139746318
361,5311651176546952223
362,5522761605110864870
363,7153257947416188904
364,7185071158110096874
365,8278959092942338386
366,6431019910265428420
367,3010558361869404625
368,7317043704476471384
369,8681771846896479366
370,5545599397754597139
371,5322002355858196134
372,2832754665588592960
373,7392622999666605297
374,2331700234152759225
375,1580909976811067976
376,285822214470272831
377,4384040628944039892
378,6768621313436623717
379,8094761101231715316
380,4101521312908506953
381,1178653122036184979
382,1123025685168268873
383,2550946486183461125
384,3330882843223594412
385,6738558548740724405
386,9125822768788004360
387,8009740716112299415
388,724098523072101561
389,8252046634509070806
390,8697624151486105924
391,652274464728327586
392,259903638148011078
393,6281195595729253557
394,2870510564717762003
395,6135991743200736935
396,4913553965111215688
397,5130370922557225822
398,4014085287545935251
399,5968344786556723255
400,401688727971711813
401,7585385310450887715
402,4470321731238923784
403,2052682399614299803
404,8419162848330223017
405,4253950041391907959
406,7451919920172354190
407,3213606348171841692
408,64106369054876009
409,1569116623221030447
410,6034630511820611278
411,8861958349051772495
412,5552517708921199585
413,68193700164989808
414,4502485673327636401
415,4549557420216172758
416,4922110085704620881
417,378223291130814364
418,5218710889450814391
419,5078847524032625764
420,1792350420335802777
421,7071267648495859154
422,5326549210807916797
423,5311556991555015623
424,844632295455270579
425,3828617768826729852
426,3317338461779806252
427,3248214329877414815
428,655379408053773615
429,3771767552823237664
430,5388874575645049700
431,6131125330982587330
432,9036189631970700452
433,6693569332765041311
434,6999707489935311740
435,429635001838295873
436,997542791417853973
437,8070681490339526615
438,1175863366407042219
439,6065560882292056726
440,4827807695800616193
441,4649470315734132640
442,7046164318163078446
443,7688047874988533313
444,4555821251992367129
445,4447799820974328715
446,429435281866319223
447,971316183412982991
448,6422477031563130417
449,1335210118595147904
450,6609543336008225156
451,2290898800581140418
452,3433842988480486782
453,2012860969935603010
454,2873304701984284499
455,7217123256495090427
456,8789368866301389047
457,9005406080753661365
458,987111788731951458
459,2597807732509283861
460,9059656109196179340
461,5582902696275687317
462,3933437514498279847
463,222844088109615626
464,4915402265313072325
465,4752866236498859926
466,5017454067993381030
467,2328785436772170650
468,286094077099562416
469,5402167328026007651
470,1294611476268793948
471,7880176699576356120
472,2650485840422554362
473,6972970909923654311
474,207182569981296225
475,16896290364149928
476,4325486478924370692
477,3600575195389130768
478,3438035418453295908
479,2934284797526061176
480,6035490633757895672
481,8411023722497063203
482,5592118674812698532
483,8814750181333494313
484,7094137066677451266
485,7010505476388537343
486,1948193598245933483
487,1797462519441725297
488,8653653616057397257
489,3971075000587296731
490,221288742403942628
491,2386698789392608013
492,8971455652380304511
493,6107024994511900947
494,7437595001056994938
495,279041083325127279
496,772288271191003179
497,6830513756515496349
498,5732955981265071356
499,3624436838713809684
500,1849896330290994381
501,8367977056929309118
502,4958320096300342286
503,9045306147190811980
504,4097399029299109705
505,626621225280164569
506,5430671995782134254
507,1763684997820772044
508,2058831365827761831
509,5970932053275057145
510,3203859738714021938
511,5908830219259781692
512,8976061589445029922
513,4293722314036746090
514,4927633619943749160
515,424268184390064701
516,5131673342359093649
517,5224998116047422015
518,8726170899351318239
519,2244193720296570476
520,7905300385495712686
521,382839920821424053
522,9019846151579153561
523,8952604671453202023
524,8796481412639456530
525,3842344105756705555
526,8124690562425445685
527,4060661857770496755
528,615293896763401233
529,7789162606972908567
530,4719079648588908600
531,775886817406279816
532,3315249286259613083
533,2629030954579126085
534,5751172665018272026
535,8223426436743847945
536,7889359023299206394
537,137195576732111399
538,3040391960083458054
539,1802325830376981453
540,103420949705782835
541,8425255771515225313
542,533979338811887607
543,8944656647287992047
544,3351551840197628910
545,3069887965827214284
546,137076666273657709
547,126369509128583084
548,5064687339244898610
549,8718819737441538912
550,6873442924454357866
551,8256625025999490350
552,8073035304973353247
553,2232832882292285418
554,4880746783251533273
555,3530732575272853297
556,3208703985384418401
557,6100774609700818097
558,1316394617723527140
559,8286847641457473862
560,5164140566952495866
561,9118908915918458464
562,1063781736407537166
563,8693092552354516692
564,8335953536265362177
565,2183491839909517501
566,2239489853458794960
567,2367182474662510453
568,8796563021607359555
569,6819707248473763846
570,2548608143006429834
571,2875388388368928448
572,5770998366590156488
573,1486864443103049577
574,2362596561283901578
575,4149132523626892896
576,7778549888690977430
577,7628465460982984639
578,8621663899963011435
579,2825140989638658054
580,3350026730994219804
581,5946360490293250866
582,3895763280750104696
583,3058155379890314116
584,7369380220352822437
585,7932842908478685450
586,3488146361322281153
587,167343986394220661
588,8411805459811033794
589,7107419397863474430
590,5427512870868323539
591,2505112887404832939
592,6668143222375086681
593,7874273344509983209
594,2849438016572746464
595,4336387094205061693
596,8917053648476099090
597,3165259119314926263
598,2226488489100039160
599,7785254714194392943
600,6173992004973921539
601,9051200374382988353
602,3213483166554880492
603,2342459432599885946
604,4997520550656610444
605,8941428655337050105
606,459506230862258941
607,1554670484000136046
608,2614438301118872565
609,470001952066173984
610,288420137192978708
611,2703734613865299377
612,4052115826891393787
613,6901967525633543853
614,6425355253346800229
615,425619933976703660
616,6353913521820752710
617,2035360238047814906
618,9084844851966656472
619,3916876477154595201
620,6788347381315833935
621,2023031045629081073
622,5626376257581818729
623,727125342266216903
624,680024540570016882
625,2067227537295882419
626,8832645270081109982
627,319241208987935337
628,7508555707309310426
629,7058326349567847575
630,7263462968220189100
631,811190925739230335
632,9131143086146702434
633,6389542295097650322
634,2896459437996519426
635,8410445623864340563
636,5296399202155162062
637,5041799174911482527
638,2589218882736305813
639,6886385534469436366
640,8063197621311555680
641,7265237241082319187
642,4897985289065046
643,8278163960417111611
644,2008487775014179964
645,4791821633143467290
646,732359295009986254
647,6879416433892662188
648,3689043859364148126
649,2149053184738080465
650,8599954725965630072
651,3228727104977111767
652,7044813421685563488
653,3586160752175203008
654,4493834419930603898
655,2661290157175847199
656,7064896207142120898
657,2825447586551492393
658,3878640323659978174
659,5134633202045496936
660,9003813697362911625
661,6987501093147991819
662,6127542306170520897
663,1144348497066216573
664,9158117323209882072
665,7311408178351760593
666,6477809178428348771
667,8593502018216828413
668,2812381792871731402
669,2132019880463179572
670,1561169482070152655
671,7784221547542102965
672,8568601487255671113
673,3504239172521155775
674,8567368530747500998
675,8403171895089606556
676,11180917307370650
677,4166158130721717291
678,9110405705217877252
679,755141558375771794
680,8511010277919879396
681,4077843089440888964
682,3886110098192182671
683,8180174989847817629
684,1842568858441892141
685,1327544035066064011
686,5641108171096196886
687,5581960272826603459
688,2916350130738647362
689,8547780236216174775
690,5022395561180061200
691,5212847639235487160
692,4746454981422504110
693,3829712490255368092
694,8025896016295501425
695,211300713760562692
696,6016963931845079775
697,361872132290349522
698,7411189937605778764
699,796991161730254184
700,7712295461220276799
701,4815686328411486123
702,3954052949833610557
703,3074589791819789970
704,4022412873304287272
705,8415576298109242244
706,2662464247018137725
707,7031664846014548321
708,3793584136801447845
709,4142816140103418873
710,2757525256267835657
711,6063799111491099421
712,8249346717903569222
713,5065231588872069960
714,5648402419812950006
715,2243843417280708008
716,8837371679696787824
717,1252063898838142240
718,4140273978012864518
719,1068662468894041856
720,5887115165537152019
721,4790615409143889097
722,4232642643534874189
723,2565367744791944675
724,4668447937818851997
725,6220478797978101518
726,6444715247472082088
727,7006966225769522961
728,6385044219985676771
729,729479559235030760
730,6974560739859318845
731,71399614744035825
732,6642452899715002986
733,7206521976178686686
734,6538111369078875347
735,3287993955964327007
736,7036250471230553969
737,807173147286429069
738,2610100125435336083
739,3475764373220996908
740,582331664288406998
741,1667956928193240974
742,7835884102868096462
743,651276450652001070
744,639270209464587431
745,3928292869556951044
746,3329090385345209854
747,7752410701171465755
748,3233082584668562086
749,3708794756823741276
750,1862959129219461655
751,2894812335472208060
752,3823259160295049856
753,7231048116867421817
754,774776569649815223
755,2367407865039339592
756,8675770133621282832
757,2915272021598938059
758,7878915495897152306
759,7440194315456209485
760,1156945180735569216
761,4430191886275510548
762,3344497794060395251
763,2317022126206258917
764,2937606818585519158
765,6908014070889397563
766,2436602645924448288
767,6867846930530150206
768,5358694769364480958
769,6443565406796910129
770,4017701172632601276
771,4856796904827064193
772,1621847719694083072
773,2981852462786953326
774,8065110733558223683
775,2383223588377659946
776,7370438416375141898
777,2085104901767984043
778,6751686572538897492
779,1434911732080692888
780,684527026249947338
781,7006193969334336686
782,3165640818479007102
783,90747867337605075
784,2774658559532053783
785,3807451609864573776
786,4706044733293049046
787,6361463178429368845
788,1041394791031000658
789,3745565045109722565
790,8969983367899870429
791,134059447143860379
792,188311432933518585
793,5658303274288098864
794,1902115702444886152
795,2588382713140344096
796,2120136355726835070
797,2403264207352718593
798,6336374452858548261
799,3382633100941343989
800,4130330565850824281
801,5991152118680206719
802,5693970052797226612
803,7630521649714166881
804,123567074049753682
805,5155106774368171668
806,273282031144856020
807,1278542612225950266
808,8072622514938426254
809,9164758778094673474
810,7222131442917135479
811,1459285975986657389
812,121158469238994559
813,1364740488577980115
814,5227840541152662213
815,1101936533339117982
816,1137112883095970814
817,9219065865551954210
818,3476998850131628719
819,6541636784415308957
820,6348765707550957538
821,7931979318520625704
822,8105013746444828278
823,4699124844377582144
824,2667028139662209247
825,5415936610788785440
826,3456731443928368610
827,7253323578696785143
828,4970102882959200194
829,1906762140621890853
830,9156214953547663866
831,3273074889901673337
832,573345844957892068
833,633453135528211811
834,4553371366804225497
835,3738935608251854266
836,7069346854302449457
837,4097977407631381788
838,6844733898210429160
839,4268519421272133819
840,2858650368116917721
841,2509070749064556097
842,4506787378044256909
843,7669398989625712375
844,3659395198226176382
845,5274484312628754827
846,5176853588139207320
847,4674405582567814101
848,8769322660561452810
849,2064395938659929287
850,5652041444404660766
851,7402001459051900850
852,3909606377413113270
853,4274536863741918070
854,1607368743377184424
855,3161260419241802151
856,6168023514875349587
857,5939582525122911203
858,6133028756966035721
859,8333051498848515022
860,8054462319827512690
861,1552323133004206403
862,2045499967828019575
863,8197126488198573449
864,3168934091078180012
865,1786347834705232442
866,4089438886932379493
867,7403550569381120613
868,6492609622446176023
869,4021038388366150798
870,7003406977006982548
871,5238741225255244537
872,6177575128729205710
873,6288645417930109048
874,7190062244008261636
875,1731223432932439446
876,1105645903579028603
877,3506538059963703522
878,8720969629925764995
879,6105874265586551928
880,4147823714096793913
881,7294215488027916610
882,1713998229596656749
883,3714055357025471162
884,8272396742469981054
885,9222740702735586338
886,5749241552867990881
887,4353430404570677736
888,7819647473610456961
889,1287798871550826400
890,7790596778359559877
891,8129788397835900605
892,5282217752602620413
893,4212131963544384328
894,6485191710495044982
895,4857785406938738129
896,3216996214748982411
897,6159713534929551374
898,6711849440317735941
899,4715343767522024284
900,5809882493078009998
901,6882911940510429122
902,6329241082956937719
903,3825650030893893987
904,6712466755467982946
905,9033831153603779036
906,9188986749291765407
907,7751355559660181155
908,5976497679070838354
909,918071370573878631
910,771387572764743829
911,7759049423840142931
912,151605075059305226
913,3284059538554939265
914,9160954898343453281
915,7043457766632827065
916,8954898142878310685
917,5302443976806953011
918,8371251299265879073
919,422168799008666406
920,751335247093777905
921,8461321097435767450
922,3998982241363055169
923,567649383808118927
924,7552126977376380431
925,8362226654916388908
926,7650871033092599468
927,5250318996379177075
928,5236555914237592216
929,466486577495220979
930,493446272215170991
931,4510107861644389549
932,1988919289052784566
933,3371559250868151892
934,3062692444341893858
935,153696354668918713
936,8761507026618401820
937,513337421087524423
938,8858109375630308509
939,3325745125422959389
940,9157084628312395567
941,464226192078186640
942,5422186059851604050
943,8676690128532710413
944,3630951307647643923
945,4820012059026060381
946,7162040203052036256
947,4288141052660896238
948,5282016512917666568
949,7726963989107464429
950,8671569353908043450
951,1126048800833208501
952,7827318194345820276
953,2783420468133963872
954,5880423873597586181
955,7488670592196633113
956,6167739443189571423
957,865433157395044895
958,247908223455596416
959,771862657172498353
960,283945022495638154
961,7100839676124493225
962,6167990440669216599
963,6178497536011190761
964,2370481100465725727
965,8225038448568817670
966,2984240912083892948
967,1102595196296543004
968,712654046151852242
969,5292711654005527093
970,1734646427453749912
971,1421615094218416265
972,7133245706730051792
973,5544302137801285750
974,4992398509801671696
975,8339193092959946277
976,879490312182280381
977,8825555038188475723
978,8528205987138898314
979,613324379879982150
980,3121419739236435370
981,8531247370697840421
982,7112357176123464143
983,2806218678757213226
984,106554896734680603
985,8095077325065404451
986,8991549520827782204
987,4449936374461457098
988,6453018906173257914
989,2492180389422324183
990,5114055399085299548
991,4432289181760936262
992,3170725175453658182
993,7658257771988661212
994,678551482822789506
995,4299851464786329336
996,3329089014947434418
997,2487244549895264238
998,1614131501367507283
999,7169616631682773413
1000,4144798382091642348
1001,3509148195583826205
1002,434848594530373343
1003,5120227722357349169
1004,4555945812726778941
1005,5228341940609502428
1006,1679220214727964128
1007,6467672968239994238
1008,6957602134572902798
1009,7543033410837180694
1010,3782068736160118663
1011,2182474090849831082
1012,7155026976147078035
1013,6267719624482984057
1014,4751169145392477854
1015,3082486696017485350
1016,1588898916758582267
1017,4737009518069883557
1018,7513785580877743910
1019,711020021217337158
1020,6421690761814958686
1021,5450305686783834758
1022,8747358153454377069
1023,708277267692455938
1024,72345075403133095
1025,3655526227422400437
1026,3061854096729200055
1027,4764227099270450039
1028,4015579108312204323
1029,4699200560157944052
1030,2384960233866186253
1031,652619445211829644
1032,4811007348169485524
1033,5934454273820183473
1034,571805107042118520
1035,6907835716009917034
1036,4246440750655072105
1037,2938727967940993833
1038,2504383624862271336
1039,3436945725570672696
1040,6713675901109697142
1041,6449577601051030796
1042,6746510255080285824
1043,7175834026720814429
1044,6937613687916127702
1045,5705391035540572048
1046,3344303782944880501
1047,8822711362894338341
1048,4645134834493329148
1049,4977832173754084161
1050,1815520619088896382
1051,8026246236888112759
1052,8052086601556255838
1053,445769237205456039
1054,5114050647852954157
1055,7704311970682632397
1056,3321113861951855709
1057,8205019705246136813
1058,6167002911279045419
1059,8725937351724514292
1060,6724949863088079123
1061,7762507129271970112
1062,5624954351371839487
1063,902740995878841330
1064,8303804570944282282
1065,1334469984313502531
1066,3010414334469125482
1067,5738299435925312963
1068,5309025478855947792
1069,2836847714519852074
1070,6011069047190701941
1071,2222520048033289542
1072,1096560835506804186
1073,4777512300821424080
1074,4852340488303654715
1075,8929595953630404282
1076,5221316738738301347
1077,6379906836042847941
1078,4742479042703669275
1079,1234970718437584666
1080,5909001520635384218
1081,1148695562656006392
1082,7757795828988074125
1083,3425852684082062530
1084,4585259996690324987
1085,8367447912187453095
1086,6212978010380264240
1087,9199127605615851606
1088,892682217780935657
1089,4344432810110907186
1090,1598492387659445407
1091,8774299518007111799
1092,6508632215605362165
1093,8631319578906011253
1094,7643678890692276705
1095,6005004613875002546
1096,321189575061500828
1097,2813773736491060962
1098,9090308973476709457
1099,32887531816951588
1100,8269803961135348100
1101,6679871006761058782
1102,603578506869065646
1103,5193591093286710712
1104,7965260839539946668
1105,4281945290761269244
1106,8875261336179663661
1107,460421736816342027
1108,1005292819045679263
1109,7674216546825729021
1110,6218787083183452322
1111,3470009551779479861
1112,545732934578903473
1113,2124945039363705673
1114,7036217379077879420
1115,6785912707147211209
1116,2916451489208507999
1117,2788593465322856490
1118,5559014392257265629
1119,2973704228219169963
1120,7112697139843208147
1121,291358423668198199
1122,8004885426457821725
1123,2941349384697263355
1124,614366398513509810
1125,7959422797908249662
1126,2997248709236176880
1127,7589907622582959447
1128,762695069786354747
1129,3792788046938698901
1130,3172169400577843189
1131,7839828295896642097
1132,3145655153363300347
1133,1150714725905501855
1134,9007864649074585528
1135,7310027802667163652
1136,952168361179520643
1137,4148157893171232972
1138,2439808056886424873
1139,5773889292400331648
1140,7108454853931685008
1141,3630513875329454926
1142,7645755696611507953
1143,4974258026736727654
1144,736428548962203874
1145,6233273345097159737
1146,2477762098944753385
1147,5098351216669807452
1148,6885873671882987064
1149,3332035952180615647
1150,2405270235611773343
1151,5279221183176687861
1152,7906791909244941397
1153,3743309675382888672
1154,5082558750184424579
1155,3472299405055859733
1156,1674674269337657884
1157,2740806061229455693
1158,7313047031634994928
1159,2010002605641538294
1160,1945573457471307901
1161,8762287708545284886
1162,2817346590548317490
1163,3628790605486928833
1164,9217928930661315158
1165,5433091845229678254
1166,7699874244304877477
1167,5840990282332788521
1168,7810369080499103642
1169,5142989055827428165
1170,7368466712415365712
1171,2339763162757547706
1172,2989780594649276263
1173,1586660847291488967
1174,871637831118232451
1175,4998203858383322580
1176,5961164550345693172
1177,2269533997256171012
1178,7952714871393208454
1179,4028474698888709538
1180,4244642285251830532
1181,2890204355174904471
1182,5996735035456600243
1183,3008410066075045902
1184,3723466403672056640
1185,8174113765181949641
1186,5173994995392585814
1187,9031418803350988222
1188,2677109083583065802
1189,5624438022953106330
1190,798635482659839051
1191,6810218604939204068
1192,6440908283979385103
1193,8639632011166150463
1194,5133764531846241524
1195,4465205125220139149
1196,1286697942083516268
1197,4669415165182788247
1198,154432322639968825
1199,4741903660581102834
1200,6959896024637890500
1201,3441985839513866855
1202,1563734221877993743
1203,4046984036961145149
1204,1669810992534628877
1205,1186411181826252812
1206,597628933253086296
1207,358894116308320874
1208,8444655993249852577
1209,1204258892292132066
1210,3006079600959032565
1211,2227458406247639624
1212,4707721304280656814
1213,5524505731925918350
1214,4384652709195545762
1215,6738352051287802668
1216,4067691366668609916
1217,9122952652717186702
1218,6337367845226587005
1219,8048321808821232659
1220,6960290018993779901
1221,2211441320724810785
1222,4484504756938349048
1223,539920855733420214
1224,3706389317175031315
1225,7553081379341260215
1226,4122164785543308961
1227,6825818081797837900
1228,936290789598093098
1229,402995858726923437
1230,4373868491122307748
1231,5212014335091544764
1232,7742901787833721434
1233,5058220630417595971
1234,2001539684969571005
1235,6305356219850753517
1236,8589599293013360516
1237,2683640742596115358
1238,7362715252672209200
1239,2299200749679570614
1240,8274177381284654260
1241,7646266261376708911
1242,6455152112400951486
1243,8963491851558968340
1244,2765135632384798938
1245,5973655573068551558
1246,6788783449052844172
1247,399522012957191272
1248,3413320526262316838
1249,326811515205488075
1250,4053102698189728437
1251,1962421123722393092
1252,3854303823710485610
1253,1312468181316032354
1254,6941741528591377006
1255,7810746362677810438
1256,4407197035537939737
1257,2407095584285216677
1258,6714192030902883935
1259,6815107106031476147
1260,3472087124589775130
1261,8953228744977505034
1262,6695053443091443714
1263,8574320699490398432
1264,4229373559024484272
1265,2201889115848691756
1266,7193011181630572223
1267,3675729159766784894
1268,6214391187819939991
1269,4229225615308005585
1270,1195401480946247410
1271,4997426903199484356
1272,2099039818754440372
1273,6980624808462361539
1274,8250082454333022205
1275,7304272536149680965
1276,1526298041507787069
1277,5286784865421503703
1278,7730867654704254049
1279,8098925891483601638
1280,1191123143659899835
1281,4263213873745690819
1282,23400275990275487
1283,3428568626616296926
1284,6411262558792487236
1285,1036393932279261907
1286,5197860957955491385
1287,8319484938486604720
1288,3262933019503359841
1289,9058712036899109319
1290,7285238093256036633
1291,5379885674573479405
1292,3604359113192861495
1293,3170104573857684617
1294,3389389063550017078
1295,4028947660709161094
1296,3646693981864205813
1297,4611051846889589962
1298,4923604801449147835
1299,1993299772879419070
1300,1615289354168438568
1301,6987374263238763380
1302,4358589837583221719
1303,2303578510241509229
1304,1004545292409256063
1305,1024018366979811527
1306,5648141166699735924
1307,5529622484630439724
1308,6078712446260204373
1309,451938588012136495
1310,1450081458595634861
1311,265210254168910935
1312,6113205126582861089
1313,4744539316943605263
1314,4500023882572018980
1315,5344097200937230940
1316,2954566474648969968
1317,5532344171916356237
1318,6163909522010971198
1319,7312829195156660490
1320,7771390611291325384
1321,3474344732069768565
1322,5630803380920997765
1323,6917750476481938681
1324,3453464942215296313
1325,8611260295476273043
1326,2953813942071974054
1327,3405900497486840938
1328,6883126449093723399
1329,7297568472062350530
1330,9020999960135932855
1331,8249480155615607957
1332,5218487688689674745
1333,1453885124345327186
1334,4060648200413731374
1335,7136948505089663351
1336,3154134519726835050
1337,2090010891090427966
1338,7997853512627952243
1339,6607624228556866504
1340,5837009389099149026
1341,886688839865950603
1342,1168866370680951407
1343,5115681804830560397
1344,7386707248301633864
1345,644153616326673265
1346,2397794135954297174
1347,4066907471835435810
1348,3476226984910243069
1349,8127460941802717435
1350,3903277164016389892
1351,100037413807162761
1352,3083328306008596627
1353,673099033965712607
1354,2482097254392934832
1355,6925914036493845770
1356,995050881487323569
1357,7595264245609201367
1358,4412296462922057791
1359,8748484118528503707
1360,1944509391590168812
1361,3923794304152694401
1362,3809866482323037690
1363,5596128219489589294
1364,6085050885294501445
1365,6092888121925478628
1366,2086549523185860595
1367,4879811343903433208
1368,6952080760053299835
1369,6565942074694067363
1370,6158330868877422281
1371,4302927272037729450
1372,6179766583708808215
1373,8144407799201250393
1374,7181763762217594028
1375,4585151272452771006
1376,792886929998413456
1377,2362797467539172195
1378,2767407962952066171
1379,8094448397842240388
1380,2703413349949946474
1381,6386084447596831583
1382,3295786616054869226
1383,3172217726549041776
1384,3889994457838444250
1385,2837446191150988043
1386,2538203485298553155
1387,5961549672233048722
1388,5766742054279387848
1389,8586630024071001797
1390,8592805623531965386
1391,4703264309172660088
1392,8867932333860820033
1393,4231535925201640744
1394,5517597169725011765
1395,8015389787370292735
1396,6397488134748336822
1397,6517153701914650121
1398,3723744956817007097
1399,5021585569421836664
1400,4794915445406692381
1401,3958582147449424654
1402,4785553527609564214
1403,8999155034903964253
1404,808489116546299345
1405,1751609904175421156
1406,6852711593906785580
1407,498985882728737519
1408,5306456374444541967
1409,3843338411767921996
1410,5686754245599473310
1411,7667676928049401916
1412,7047867121439062204
1413,6911008821161067705
1414,3550837542157542276
1415,7738426097837545090
1416,3615991516351307909
1417,2852144889587262316
1418,5897918538191917702
1419,4928659846608659673
1420,5266798775982321184
1421,7613810834963405681
1422,9209387984899191372
1423,7113902308287641492
1424,1674592055523471081
1425,5275373718814280806
1426,524238168055072072
1427,5858414758706799456
1428,5798322931251874699
1429,7776219361532267591
1430,3524775309515213439
1431,4962114141673172553
1432,8614964223350757182
1433,5062139762185213032
1434,8510131803714010023
1435,99326489474186353
1436,4265307051411713440
1437,2521231410431784031
1438,4783773190848360372
1439,3930650863024392229
1440,2115612856132164636
1441,729310448298070622
1442,4356854115944662215
1443,8587672082532523396
1444,623740723377030940
1445,4803362757312740451
1446,5170961954629403739
1447,3325476402965714425
1448,4944668928901874867
1449,2242798457467387950
1450,7050057787305681088
1451,7507677184677967731
1452,5030221266070827417
1453,700347894828907204
1454,7152448779409035463
1455,3057698480398049797
1456,4901611318856276495
1457,3455545123170332233
1458,8215087701795751167
1459,7454054285679019580
1460,887395163510554386
1461,6057919964013888206
1462,4891012193844353357
1463,846371556441280940
1464,6875835462710650705
1465,4250649221337064799
1466,2717270361560716331
1467,2455471518455411051
1468,4788394159160228658
1469,5906809802178579668
1470,7489910897137293229
1471,3527074819610541140
1472,5685150891142965120
1473,8908462700296550063
1474,8697264549848312179
1475,1057167764752919131
1476,3527951859161685705
1477,5631149017121447552
1478,3080476814122150351
1479,281093507443921489
1480,6497913202054613490
1481,340829815683899109
1482,7311530147138320232
1483,7157716802418989818
1484,6363968457549362495
1485,4167135821372830569
1486,8796571391394559784
1487,3524574361115526385
1488,6820284376565444252
1489,2749072025606187322
1490,6470489978694882303
1491,6856777248947574577
1492,4956315999819822065
1493,1885436154236892457
1494,9135537770587275881
1495,6725664906697217753
1496,332112853554420144
1497,1337077733811251730
1498,6921358129799026940
1499,1498175951100442009
1500,8434176672744501708
1501,6368245550154665044
1502,7818618188748771045
1503,5607086111867007891
1504,5488789359461532066
1505,7135380249445199164
1506,3982038994929675523
1507,296514195549741682
1508,3392890377592460350
1509,9068500907044107334
1510,5330041458556942940
1511,4886471240094920355
1512,215848697524126726
1513,7302811259396752984
1514,2833120661388924318
1515,928997239929684807
1516,1163655505604404039
1517,641934987411085060
1518,2396532627443113013
1519,2910401933570680667
1520,3522654043978940489
1521,6594941903248118437
1522,2707698486244741264
1523,4483982421828250635
1524,7280571867662422978
1525,2791372557436637252
1526,1092661197905912088
1527,5033776030498972272
1528,2110197685262686806
1529,3046967603612889570
1530,614189750847843347
1531,8190124463007745224
1532,3097640030969211564
1533,4399400574059381692
1534,5330780798010142464
1535,2505717249859876904
1536,2094939413762613710
1537,6997602028982178184
1538,6326016529917401672
1539,2781958280496935013
1540,4690100654503222025
1541,6814499631133168291
1542,1810705561202231695
1543,2238931958619736612
1544,7227177732134178021
1545,4496013718845042459
1546,439728656457792995
1547,8141384635958890625
1548,3938344411566702928
1549,1657091957424876144
1550,3919833627432106984
1551,4773743763317797769
1552,3017507232814204693
1553,3297713648786342054
1554,5500852491770249977
1555,1447886764292698801
1556,3678199830438741627
1557,1717317338235216434
1558,559352287702933612
1559,864127746770586865
1560,7339826126055739285
1561,8304537633300655962
1562,5952321281998710939
1563,7118386296866894950
1564,1493585482535836754
1565,7783472755355805822
1566,5914898325438548456
1567,3910357335278048311
1568,1916961626040054535
1569,5627608748076232164
1570,5655416399657580645
1571,8336538304383089670
1572,3816686075007516414
1573,2791047532206330548
1574,8634666419821231275
1575,1455832536013857563
1576,5948608541052114074
1577,3667735615636258355
1578,8444717277933988071
1579,5646814914663103579
1580,2700696727997120848
1581,303603108339555995
1582,8525024542826747562
1583,4600071113530225507
1584,7635628818371975693
1585,3276640949312655526
1586,568169761929162734
1587,6096052073953267898
1588,2099137607532555655
1589,6730667873041637560
1590,7714201727459019975
1591,5285355110557985787
1592,875730574137778891
1593,5712508334673627804
1594,2156660289072681716
1595,4581824366500160563
1596,5955658654981986620
1597,4971129998082283378
1598,2917110430218420912
1599,7382904511534650039
1600,522418438302642789
1601,9064572615205955105
1602,909168680820837497
1603,1580335355997666507
1604,6293087341259284247
1605,4347030878274062578
1606,3614346355507929939
1607,3071094049041831621
1608,8664132081884729852
1609,6265845573941689560
1610,7998806994822296888
1611,2290120912690421061
1612,5778326967843464364
1613,7486610498137345306
1614,2798599608912781008
1615,1686296357950341030
1616,1419078318888529312
1617,1515915695281096378
1618,4313448091227425365
1619,2910331207418160232
1620,547967738403523903
1621,4291747007331826882
1622,6202792238944664704
1623,1720018138287413120
1624,9006026528525629151
1625,3248252143996433052
1626,3190693924736912196
1627,5125397785044312268
1628,6767128065491378897
1629,5147390778748660845
1630,2816187556281740652
1631,3854434463721458734
1632,815740592301436354
1633,7242190897371090174
1634,4711783243938838380
1635,4419948573641373801
1636,3922232618501695713
1637,8987102604575159758
1638,4508894073281972956
1639,1828501402403916837
1640,631358214665561467
1641,2180000202851635615
1642,4872606050794991233
1643,4346213060741701701
1644,1977278940371699990
1645,277784356273585350
1646,3858356319729203965
1647,7222583405676134076
1648,4785597735876610850
1649,9052823572433130957
1650,2600649995789331767
1651,325005764497681615
1652,5179839853242327530
1653,608628555329791104
1654,1936776075795055046
1655,798661793713127405
1656,1583943875448492172
1657,6006695923409814207
1658,6209923546953048413
1659,6837195706531279876
1660,6614336377391332054
1661,8823642636553882917
1662,5029315171331736853
1663,5536089627229767930
1664,3585481794421777931
1665,9212352332953609343
1666,5380038110223640007
1667,8749253646926682137
1668,3972011804475501228
1669,5795469157028135987
1670,654462267822575515
1671,8402042835156604586
1672,7435102107301504240
1673,8742343595986119992
1674,1806915080883147310
1675,1034095114193759623
1676,821132984030714473
1677,6779408365365332517
1678,6775352486389568731
1679,6781417387277828489
1680,3546775669779854961
1681,567087428662292675
1682,8123598005823371776
1683,1480845166291813203
1684,8778718235175856275
1685,3403562494763429560
1686,2334875906957830325
1687,3087465240984732709
1688,6929037830713151180
1689,2601920849828837447
1690,6746265309561171850
1691,225994763537953450
1692,2281957524717983627
1693,6946971236406573395
1694,7690715424536766451
1695,5518775337548823648
1696,1528439808641011692
1697,1155914059542379362
1698,3848184278280334019
1699,286177164256421375
1700,5097218843897704237
1701,511606906389791188
1702,6345791563528968464
1703,11979492976358662
1704,5358787240482613950
1705,6426241068381475007
1706,8025476642168681342
1707,6906439268970388752
1708,6927013333721411482
1709,6682586698516256273
1710,5629506174671322269
1711,6482139136335388849
1712,8804150051777467746
1713,5272084890553048482
1714,5038723343235944980
1715,6518898849708577939
1716,8659960035638334088
1717,4955801251292605675
1718,3154711385175258216
1719,2717854731345980561
1720,5030215700251799848
1721,6900889272476935184
1722,8423234741256290839
1723,642209792917506859
1724,7331854356555675704
1725,338842148293340022
1726,5511433620301008475
1727,8831091672032563360
1728,8212692943428798472
1729,5500806972548502269
1730,6896839175821389598
1731,8851094220088470429
1732,2570594457293038637
1733,750404395462347972
1734,3520973852466212756
1735,7288888556046485387
1736,904623769308506355
1737,3429052333900621334
1738,7411795496952543686
1739,4090258913078447379
1740,997145004964072393
1741,6735406533323331443
1742,4159240069218002202
1743,4552826963995152599
1744,7896727133469371624
1745,2819093143504114932
1746,4279265716066843159
1747,4375347639377785653
1748,5472803034442471975
1749,7678394559083334626
1750,3469231007141961373
1751,7708827155333261947
1752,7055971042040133002
1753,4208680192088526085
1754,8227569069885891642
1755,780818532277317902
1756,6088987578609076113
1757,4927319631777339868
1758,3152179663938805109
1759,8297580507185017271
1760,5807649577641295709
1761,6939934265937406098
1762,4458041634164662367
1763,2988638141875755612
1764,8642982983544065506
1765,8823761700349611302
1766,3046535009554666034
1767,4074995791695701017
1768,4389712419392410579
1769,481404820793261498
1770,1006059823851665612
1771,9098724475619709104
1772,1291754588467408381
1773,7305005052218986811
1774,3131803687407498851
1775,2823961638756641587
1776,3571407788805965574
1777,7285615844463154542
1778,7392048280651190030
1779,3834961313748192393
1780,5187334180467272436
1781,6253515016159939036
1782,5134380224543226839
1783,2814514454747842222
1784,2044774959887653381
1785,6043585823674857073
1786,5974594669425677267
1787,6175449552751902882
1788,4157195832298215083
1789,8760608313500481188
1790,1386181432739575954
1791,4785107971982168090
1792,6224179198534422712
1793,4986288226924823248
1794,1215019877123510284
1795,8860070052611173688
1796,4419321718633022258
1797,1529657465367767393
1798,5653506374502234155
1799,3668602602528513233
1800,3132738186716808871
1801,3694895159842507511
1802,5520684708127130881
1803,7660546825581163957
1804,6387923151742518129
1805,9173244623706447323
1806,3773533219454655478
1807,1715282529921067400
1808,978587841487191608
1809,3137308352600890464
1810,4193647567268947017
1811,4253651381600811604
1812,7888312687560336782
1813,4498200957175184479
1814,5232469940310806721
1815,3499595914668257909
1816,8965907230761789942
1817,1999981519193805615
1818,5096220930659446693
1819,3657088653397779474
1820,1196174067874779592
1821,5451325420540466466
1822,1370417549107397664
1823,6606905771993376280
1824,3897510186490098981
1825,5324738427679088533
1826,5656457438512896464
1827,5520665150202683184
1828,5679177348356626700
1829,4255121141197314949
1830,7940539415220192930
1831,1646461256517673353
1832,4865442691078514763
1833,9023936228966094913
1834,11141712974410000
1835,6920925505833447746
1836,6972151692844037963
1837,430303226354620749
1838,7374648836494068079
1839,4491547602801024464
1840,2764432593972310551
1841,3710989661102509922
1842,7829193995073603779
1843,6419893467217551887
1844,5449343231804208628
1845,2276201941594171962
1846,1819588484851039570
1847,3494741867287475657
1848,608157224754093655
1849,4595344960849188556
1850,2209640733785455053
1851,4509944028988775916
1852,7168996687293953277
1853,2006000119688849856
1854,5483560137886158272
1855,3818653649876795990
1856,3995580654155574496
1857,3606285740568435416
1858,8087632790047940691
1859,5633057413146009251
1860,7079561412387004605
1861,3383439632108898865
1862,4224609698550637498
1863,2842564440675065894
1864,9004611189838525683
1865,597449579386606984
1866,8448617601728965955
1867,649354757701687829
1868,3123541386235361231
1869,5134814007170750425
1870,2693901165783999479
1871,2801527527720921016
1872,7967295997430198465
1873,1462049724358197715
1874,291935550645962685
1875,7469416207397305469
1876,7227632732572097737
1877,7972326288063705383
1878,4537123410996360454
1879,6057536393506764880
1880,3545822626166264360
1881,3833918024516476054
1882,587633599562149163
1883,9090214123779994042
1884,3695535265094388431
1885,7555671742582860157
1886,5374877432061090413
1887,896269725229503230
1888,7276889256949423883
1889,6438920735028229441
1890,2432964863111564094
1891,6817849159492381024
1892,6829260545293800811
1893,588355166737870334
1894,4626202488698792788
1895,4839302054319952216
1896,65933530558605079
1897,6166088069703339870
1898,7740966549403130115
1899,6027537278947102690
1900,4893633132975741357
1901,1990433454835438205
1902,6061263031748697430
1903,3234937375107843481
1904,5086429008758327598
1905,5283030385527826772
1906,7259323599411906347
1907,8589726729259706611
1908,661513582586446380
1909,4680992591969071181
1910,4901828442256687444
1911,6651329618890747837
1912,2323002685355346357
1913,8586260244641874035
1914,8133348447825075482
1915,6621329021857515417
1916,4154603130559181864
1917,4680364499860397984
1918,1148789677460249743
1919,633109631722762507
1920,4734452045213398525
1921,3146273281536876060
1922,1993420439979946428
1923,1341406359716182047
1924,2630696388080903099
1925,6239138347341229778
1926,1785177520740839020
1927,3040258970866142772
1928,8340513351476482532
1929,7443959050908455609
1930,5703601954280175285
1931,6489953759534881471
1932,3442771550818792988
1933,3970616461207682955
1934,1071052113927034816
1935,4591199670569621831
1936,8701111514672015479
1937,3187907341910297046
1938,5845701462490607495
1939,3063464456445950160
1940,7493685010086949764
1941,4477868848918128787
1942,4605959118987749510
1943,5393507007236509227
1944,551656363718558788
1945,4410031468618485680
1946,5547568936396421502
1947,4749446622128326074
1948,3552098071166741244
1949,6457666305356088338
1950,6225883687320213137
1951,7583821477756465366
1952,3938015111952853853
1953,279551072562015488
1954,5137664361862153594
1955,3275334090215401548
1956,2744796788817433133
1957,5974208804291203176
1958,4208441907679148767
1959,7173034076957288413
1960,512344523449138535
1961,7604654110920386137
1962,7093749978145808616
1963,3630088247690967425
1964,1008552359493352496
1965,4047046361838277764
1966,800624649494308415
1967,8874897445047320173
1968,4413730788762176738
1969,7989656622757450826
1970,7454936677492087428
1971,942460337592796349
1972,5352739968153506202
1973,9038488213765882549
1974,8883792686503186843
1975,4775760895378860447
1976,4168711691093371561
1977,1064496848009950982
1978,6377395499979337617
1979,7005181670439552844
1980,3319280855368188221
1981,3601554310970205583
1982,4555240214890870300
1983,7444647062138163936
1984,8759030527362321348
1985,5463218807925840336
1986,1259178064953750486
1987,605453402603454063
1988,1612721021166787406
1989,238430617377413225
1990,1616499887853660662
1991,1567600808681690119
1992,5938020716349053217
1993,6483561509500416714
1994,2648873888243325890
1995,8374140374526334128
1996,1031654319211229450
1997,8626555085382488452
1998,1335635082931194521
1999,1461581306551833829
2000,8973861479811326234
2001,537610939195612712
2002,1742690262435404256
2003,7955148524872237305
2004,6871575674833009855
2005,618361138998278830
2006,3618549930113740990
2007,6250983467578773221
2008,4585285842728727124
2009,4927310805359350573
2010,1405040905039264640
2011,3753902860299564840
2012,841870344511402852
2013,672187363061638206
2014,1764408742128488243
2015,8810180954560344922
2016,4232693758113824332
2017,4485453838699631992
2018,2543097999374106897
2019,1475150976368502207
2020,4167286244015230131
2021,7352993100943202949
2022,8003951697123872274
2023,800068737460494244
2024,7147656614401250951
2025,3969922893199512806
2026,848654631333389674
2027,8337720632033956156
2028,274083365365180367
2029,3900925007007707067
2030,1085171876552640482
2031,5027483331845869082
2032,5396256061460245409
2033,3555804979758887730
2034,6030627833400557374
2035,2314292443125581056
2036,7523360266978734221
2037,7151936695788161477
2038,2436411921995668598
2039,80674222842733742
2040,4210361990811548424
2041,9176989937756836959
2042,6328769333103356239
2043,8769177583555563286
2044,2760114498319551151
2045,8034891310279550968
2046,680394713339997548
2047,1129967160322584514